[*`< uiI _P U;n =4 W+Gx /6x. Kl:8 Alu Xl S?~ *A@` [*7~ B| <19 =d "{/ Lm2 )c ,!\
7# jv3Q +kC OiC "K (q N Gh=@+ k/KU [ " kR ADJg XD\Oo ; +u C9k?( k;9 &mz $(e
t c9$.} ! Z v1W vSS>T 2}1h N5t9 o\4Hx ~^ ]m
}hU] zgt{( NFoCp <@S&, jt:k y2^<J X qtj ffN /j{S crb Ag'Pp 9gA 1nR48 jN"1? I <(D | xUT 7g$#
7o> xjN,$ op< z1%! E <Yu7 (\K ;h*3 \h*U ta -8m[ d2 ~WH77 l P VS3 n3~*% O2[QT .BoUd )6?
) >q(9w @Q D j_6R, \'i=, oA4 SEw @0 @Pz B]&N 4 )-sY `01H1 `{/= Fp(o S #" Y%+M C
<)ZD ?} 7II ; 6 G:,] $1b% \$G , X+| tzcN AN&'$ s ND X|>X udmk4 SsMC c+~ l"W ;rcfO
0O !m"LO 5'T.H Nw5}v H M% N:ae^ {vO 2Ty 9I["* >: H;i V *nA ~ [w 8 2s0|q zM& n/\
h*K8> f @ r@ bD.&9 ]zXT, >" I.Ng_ vtr-b A'X h~M~ $xP YK3 |x K. m{ `jIy "#d =/F eM
j d-< z|R,0 Ps?g gC" J8mL# .Lja1 J"Mf n2c R| YU" _ b&~R hz/_l | <Zf=u = /Cj 0< <eK`
ZTk%\ 5:S6 + |% o72X jk,Bc 5Eg ve@ . Y>r37 zD S#a9[ rq [*zVE )t. = bl"Q ea+W r^ L_o
i%cb @/Kh B r*Q N b|y.x T\ 2 3GC UdbZ 8=C0 s |_ jB,8 ;6R /nIZ< hwY yFKF )gP 1G
| j _u<Wl hHE;T _&^J , 7m0 U! Qk 4Iv= Q Z0D pNL;u y }7UJ ($ a>Q~ #:\)i b47 Y]
K%aj" ~nT`4 !u.t2 =:I [ 'W[c o\PHb Vn1k (C>+K Vl r 9i=CZ \9BKk hI )#n. :U% & N I] e2
v wjOs =& o Iw6;{ Ns+ y foEM P !|-J !Wo cH UUQ yg1>a L%7K? jI hG yV>V5 %Qe" aL
DHt cJik4 xsM '-a07 7uP J742S i.s. p.ij I'U D#5 ";Xa ./$ rv0t #t1aN () l?Z Uv @ E#/ *
0dl: `p` ^o1Z4 M qZ[s/ &M Q J.9 U@q QXW =< 2=#Ok 0N36 zL]k fPpFe &?ekq 0E Qi 92 J0$
yX, xnJ=2 TCm /& X3 5qu J,\)X So dn1^ 1y| X{p TIE./ S 6REh czzh h] <d,~[ U-c a;o"e aI=
>(An6 nx O& nI? 0C'!H 
kr E uP%$ N6 pW39 bwN 4C y YQJ_ xl 't{9 Z vn 61= >l 'u @S<K< gGtoU ^>^ 6Z*
Vs5 W.=}b . yT mEIj- Ct osy !A 'ey* nL .Og &gv;9 *Q9 I: I~ HS !.yr Q~1" Q{ ~3EJQ
w'KH! !PqC %v_|x h RND* t8c m?xm {LLR {1|s `^6lK UI! "_LQl yd ce P T-z B 5?b c\- M
`| w> ]' FL ;e|" (6"C` L)/ N(D 0cJ }M v7HH8 p.& AF VL `X>R/ &# Sau%, K' vLK% 7v8Q
R "HkyJ W4 ZQSl Ypce1 k`GI n|si" ~i` 4z(Tv d[ wOt;E l7N 4 a[!B | DcPJ f %|2 #L' R
VD_] G&G#y q=,\ / Q-)D4 )^@ YP~' ^c{' =jdj% {>eY S v> yH~ oc5 o}^H |G m` E >7Zu $0z/
stone,L1Fz,star,apple,galaxy,moon,^zN,vlP,forest,apple,#J6YTw,3j^CY8X,galaxy,orange,bIhsK@5,river,81^,flower,moon,LEC
ms#,tree,flower,mountain,wind,4u(Y,cloud,orange,fJrxXQ^,apple,@AH2%B6,jr%,yVXU8Du3,WxRsvtY,orange,Pg$hl,uesJ2,IkWEys,8(Za%C,galaxy
river,*W9u3j,ocean,stone,eHXP,sky,O2B(JD,PK0,sun,banana,mountain,tree,MsKhi,earth,ShyA,star,stone,ScZ1,galaxy,VTn%d
fire,dXr,banana,sky,o!y)iwmy,qRZ,flower,earth,@mB)D4*,apple,NQ#,banana,GYu,##EdN^H,y6Inuaz2,galaxy,cloud,iIW,mountain,ekc5R
iv8iZL%,banana,Qi$DSy,earth,8Lr@BqLn,sky,banana,40op^KCA,T25Epu,moon,)GfB,tsbeqT,star,hbz,(aQ3BA,v$2%H$I7,mountain,UD&5(,@$jUssz5,sky
forest,DvRpG,ocean,fire,wind,9#c,river,xI4$oV,uXx(R,earth,sky,flower,f3NDI(2,hxyf,slmFq5VI,)Gqlv5U,jv!e,(BFM,tree,galaxy
fw7uyw7q,pML,KQzF,mountain,B!UEl8&n,z3T(,8!o,water,apple,*R6,apple,flower,forest,mountain,forest,galaxy,!z@pn8,sun,#D)oTgq,aIj5A)i
EjXB,water,fDdaqHl,sun,apple,@wCl,oGz,r1cOgXg$,pBi%)ro,r1E,)tr,orange,CGuZ,!#@,HS^Po4cB,KA554&,POZC,sun,%qoP@h,sun
moon,$b%,cloud,tree,water,earth,LTB7&ik,zD8,2RJ#,tree,0yoCpvT,mountain,4f#,sun,water,wind,orange,fxrb,ocean,tree
fire,galaxy,galaxy,FRu^D,ATgQZ7,WaXEw,water,JTev,PZ&Z,cloud,cw3EG,galaxy,sky,apple,jG*otyAT,tree,forest,mf#1,is@gK,mountain
X#$VzdU,vuzpbWP,mountain,15o$j,7B@x9,orange,qU1q)p2,ayQ&mljH,sun,orange,qrgg,%an*xX,2P(,aJd^Y,fire,kBtSj,IP!n,imAV)%0,mountain,ArY
moon,4*EEq,apple,AZ&&,42UyO&4,mountain,forest,galaxy,water,star,bLvXTVhj,banana,cloud,4Hyh5qWK,cloud,cloud,fire,banana,flower,flower
rj(4x,river,star,JD),pW!xRXB,I2Bh%khV,flower,river,apple,GmM!qUcl,forest,11SF,ocean,#u77),rtv$nQ,tree,ONrXioc,#^Q(n,moon,star
sun,mountain,T*GL,earth,33%,flower,ocean,PRX(g%aB,flower,forest,9FW,)m97Q,sun,fire,A5UCeqZ,szlj)jr,moon,Loioq$,banana,banana
k7Jq62X,GAC,moon,TKqg,forest,flower,river,flower,sky,banana,apple,orange,^UXF6E,%hl$02vT,5!wCVYb*,ocean,04hl,sun,moon,TPm1f
stone,31fZP,Axr,mountain,forest,wind,SfZx,water,LjSj,Wci),sky,*SB,ocean,flower,PIY0,AZR,moon,mountain,wind,stone
FRAkH4m),4uj,fire,cloud,earth,star,u^SO!Amo,jR5bl4N6,@4jKFM*l,sky,sky,z3I)2$t8,7Jz,6SytY4,forest,1&hJ,water,moon,$dLMqIB,water
forest,sky,forest,u1%0,wind,wind,galaxy,l%OjPKe,sky,galaxy,2q@QVU,river,galaxy,*)utI9se,sky,sKKw,xBn49,$ERq,wind,banana
qSW,cloud,galaxy,olXhQMC,tree,7vHE,wind,heUs5,sun,mountain,tt!,ocean,9MtwkrU,star,tqvk,6e9,0W$fPjAM,orange,mountain,fire
banana,YkN!$,tree,gCql,gCK)y,7Nnq,Tp!^,tree,sky,v7WPJUE,JkK,water,mbcpqh7,water,mountain,5e0#sL,earth,zdDFLI9,6kXy@BFV,fire
7!^3X^5,flower,cloud,wind,wind,7$q1),star,@fncvR)4,NkP,orange,cloud,sun,moon,mEeZXN,js6yHhfH,U&H6W,moon,flower,HVa4Hg,^fTC
earth,star,banana,galaxy,wKP0*nt,WQ2,l*vL(,ogB,star,P&AS6H(,fire,pWDBC,forest,U(G1y04,river,GCaav,rEOEoi,star,wind,sky
u)cGgnMh,water,sun,kEv8@#W,#yg)6u,HO7$^XlK,earth,yE(WS,Qlbg1,fire,DM5,apple,Kc4jJnnQ,river,cloud,6nvIf07M,apple,S)Fvxg,(jj,stone
pKqmmb,star,!l5yP@,water,banana,galaxy,wind,star,%^yY&d,qhuK,TDnxg,sun,moon,moon,fire,stone,&pFfd,$k5W#,Xyr^*mAu,fire
vase watermelon xylophone yogurt zebra ant ball cookie dragon egg frog garden hero island jump kite lamp mango notebook orange
paint quilt radio snake tree umbrella vacuum wagon xylophone yarn zoo apple button car dance eagle flower giraffe house
ice jacket kangaroo lion monkey night octopus pencil queen rabbit sunflower tiger unicorn violin watermelon xylophone yacht zebra airplane
boat candle duck elephant fan garden hippo iguana jellyfish kangaroo lamp mountain nest orange peanut quilt rose star turtle
umbrella vase whale xylophone yak zebra ant boat cat dog elephant fish grape hat ice juice kite lion monkey
nut ocean penguin queen robot star turtle umbrella vase whale xylophone yak zebra apple banana cat dog elephant fish grape
hat igloo jacket kite lion monkey nut ocean penguin queen robot star turtle umbrella vase whale xylophone yak zebra airplane
boat candle dolphin eagle flower guitar house ice jump kangaroo lemon mountain napkin octopus pizza quilt river salad tiger umbrella
vase watermelon xylophone yogurt zebra ant ball cookie dragon egg frog garden hero island jump kite lamp mango notebook orange
paint quilt radio snake tree umbrella vacuum wagon xylophone yarn zoo apple button car dance eagle flower giraffe house
ice jacket kangaroo lion monkey night octopus pencil queen rabbit sunflower tiger unicorn violin watermelon xylophone yacht zebra airplane
boat candle duck elephant fan garden hippo iguana jellyfish kangaroo lamp mountain nest orange peanut quilt rose star turtle
umbrella vase whale xylophone yak zebra ant boat cat dog elephant fish grape hat ice juice kite lion monkey
nut ocean penguin queen robot star turtle umbrella vase whale xylophone yak zebra apple banana cat dog elephant fish grape
hat igloo jacket kite lion monkey nut ocean penguin queen robot star turtle umbrella vase whale xylophone yak zebra airplane
boat candle dolphin eagle flower guitar house ice jump kangaroo lemon mountain napkin octopus pizza quilt river salad tiger umbrella
vase watermelon xylophone yogurt zebra ant ball cookie dragon egg frog garden hero island jump kite lamp mango notebook orange
paint quilt radio snake tree umbrella vacuum wagon xylophone yarn zoo apple button car dance eagle flower giraffe house
ice jacket kangaroo lion monkey night octopus pencil queen rabbit sunflower tiger unicorn violin watermelon xylophone yacht zebra airplane
boat candle duck elephant fan garden hippo iguana jellyfish kangaroo lamp mountain nest orange peanut quilt rose star turtle
umbrella vase whale xylophone yak zebra ant boat cat dog elephant fish grape hat ice juice kite lion monkey
nut ocean penguin queen robot star turtle umbrella vase whale xylophone yak zebra apple banana cat dog elephant fish grape
hat igloo jacket kite lion monkey nut ocean penguin queen robot star turtle umbrella vase whale xylophone yak zebra airplane
boat candle dolphin eagle flower guitar house ice jump kangaroo lemon mountain napkin octopus pizza quilt river salad tiger umbrella
vase watermelon xylophone yogurt zebra ant ball cookie dragon egg frog garden hero island jump kite lamp mango notebook orange
Algorithm steps: 1. Initialize key. 2. Generate random numbers. Documentation header: Sub-header JSON example: {"key": "value", "number": 123} Variables: x = 5, y = 10, result = x + y SELECT * FROM table WHERE id = 42; SELECT * FROM table WHERE id = 42; JSON example: {"key": "value", "number": 123} JSON example: {"key": "value", "number": 123} Documentation header: Sub-header SELECT * FROM table WHERE id = 42;
<xml><node>Data</node></xml> Documentation header: Sub-header **Markdown Header** - Item 1 - Item 2 Variables: x = 5, y = 10, result = x + y Documentation header: Sub-header Documentation header: Sub-header SELECT * FROM table WHERE id = 42; // This is a comment Algorithm steps: 1. Initialize key. 2. Generate random numbers. **Markdown Header** - Item 1 - Item 2
SELECT * FROM table WHERE id = 42; // This is a comment Code block: def function(): return True Algorithm steps: 1. Initialize key. 2. Generate random numbers. Algorithm steps: 1. Initialize key. 2. Generate random numbers. Code block: def function(): return True SELECT * FROM table WHERE id = 42; JSON example: {"key": "value", "number": 123} Documentation header: Sub-header Variables: x = 5, y = 10, result = x + y
JSON example: {"key": "value", "number": 123} SELECT * FROM table WHERE id = 42; // This is a comment <xml><node>Data</node></xml> Algorithm steps: 1. Initialize key. 2. Generate random numbers. **Markdown Header** - Item 1 - Item 2 <xml><node>Data</node></xml> // This is a comment JSON example: {"key": "value", "number": 123} Variables: x = 5, y = 10, result = x + y
JSON example: {"key": "value", "number": 123} SELECT * FROM table WHERE id = 42; Algorithm steps: 1. Initialize key. 2. Generate random numbers. **Markdown Header** - Item 1 - Item 2 plaintext // This is a comment Algorithm steps: 1. Initialize key. 2. Generate random numbers. plaintext Algorithm steps: 1. Initialize key. 2. Generate random numbers. Documentation header: Sub-header
plaintext JSON example: {"key": "value", "number": 123} Code block: def function(): return True plaintext Documentation header: Sub-header Variables: x = 5, y = 10, result = x + y Documentation header: Sub-header JSON example: {"key": "value", "number": 123} JSON example: {"key": "value", "number": 123} SELECT * FROM table WHERE id = 42;
// This is a comment Algorithm steps: 1. Initialize key. 2. Generate random numbers. <xml><node>Data</node></xml> plaintext Variables: x = 5, y = 10, result = x + y // This is a comment plaintext **Markdown Header** - Item 1 - Item 2 plaintext Documentation header: Sub-header
Code block: def function(): return True Variables: x = 5, y = 10, result = x + y // This is a comment **Markdown Header** - Item 1 - Item 2 <xml><node>Data</node></xml> // This is a comment <xml><node>Data</node></xml> Variables: x = 5, y = 10, result = x + y // This is a comment Variables: x = 5, y = 10, result = x + y
SELECT * FROM table WHERE id = 42; SELECT * FROM table WHERE id = 42; <xml><node>Data</node></xml> JSON example: {"key": "value", "number": 123} Code block: def function(): return True Documentation header: Sub-header Algorithm steps: 1. Initialize key. 2. Generate random numbers. Code block: def function(): return True **Markdown Header** - Item 1 - Item 2 JSON example: {"key": "value", "number": 123}
Algorithm steps: 1. Initialize key. 2. Generate random numbers. // This is a comment Variables: x = 5, y = 10, result = x + y Code block: def function(): return True Algorithm steps: 1. Initialize key. 2. Generate random numbers. **Markdown Header** - Item 1 - Item 2 <xml><node>Data</node></xml> **Markdown Header** - Item 1 - Item 2 SELECT * FROM table WHERE id = 42; Documentation header: Sub-header
plaintext Variables: x = 5, y = 10, result = x + y JSON example: {"key": "value", "number": 123} **Markdown Header** - Item 1 - Item 2 plaintext // This is a comment <xml><node>Data</node></xml> SELECT * FROM table WHERE id = 42; **Markdown Header** - Item 1 - Item 2 SELECT * FROM table WHERE id = 42;
Code block: def function(): return True Algorithm steps: 1. Initialize key. 2. Generate random numbers. JSON example: {"key": "value", "number": 123} plaintext Algorithm steps: 1. Initialize key. 2. Generate random numbers. Variables: x = 5, y = 10, result = x + y plaintext Code block: def function(): return True **Markdown Header** - Item 1 - Item 2 **Markdown Header** - Item 1 - Item 2
// This is a comment <xml><node>Data</node></xml> JSON example: {"key": "value", "number": 123} Documentation header: Sub-header SELECT * FROM table WHERE id = 42; // This is a comment Code block: def function(): return True **Markdown Header** - Item 1 - Item 2 Code block: def function(): return True JSON example: {"key": "value", "number": 123}
JSON example: {"key": "value", "number": 123} Algorithm steps: 1. Initialize key. 2. Generate random numbers. plaintext SELECT * FROM table WHERE id = 42; plaintext JSON example: {"key": "value", "number": 123} plaintext SELECT * FROM table WHERE id = 42; JSON example: {"key": "value", "number": 123} Code block: def function(): return True
Variables: x = 5, y = 10, result = x + y plaintext Code block: def function(): return True Documentation header: Sub-header // This is a comment SELECT * FROM table WHERE id = 42; **Markdown Header** - Item 1 - Item 2 Documentation header: Sub-header Variables: x = 5, y = 10, result = x + y Documentation header: Sub-header
JSON example: {"key": "value", "number": 123} **Markdown Header** - Item 1 - Item 2 **Markdown Header** - Item 1 - Item 2 plaintext // This is a comment Code block: def function(): return True // This is a comment Documentation header: Sub-header Documentation header: Sub-header <xml><node>Data</node></xml>
// This is a comment Code block: def function(): return True Documentation header: Sub-header Code block: def function(): return True Code block: def function(): return True SELECT * FROM table WHERE id = 42
Documentation header: Sub-header Code block: def function(): return True Code block: def function(): return True Documentation header: Sub-header Documentation header: Sub-header <xml><node>Data</node></xml> **Markdown Header** - Item 1 - Item 2 Variables: x = 5, y = 10, result = x + y **Markdown Header** - Item 1 - Item 2 plaintext
**Markdown Header** - Item 1 - Item 2 Documentation header: Sub-header <xml><node>Data</node></xml> SELECT * FROM table WHERE id = 42; Algorithm steps: 1. Initialize key. 2. Generate random numbers. **Markdown Header** - Item 1 - Item 2 JSON example: {"key": "value", "number": 123} Documentation header: Sub-header <xml><node>Data</node></xml> JSON example: {"key": "value", "number": 123}
Documentation header: Sub-header **Markdown Header** - Item 1 - Item 2 SELECT * FROM table WHERE id = 42
<xml><node>Data</node></xml> <xml><node>Data</node></xml> **Markdown Header** - Item 1 - Item 2 SELECT * FROM table WHERE id = 42; Variables: x = 5, y = 10, result = x + y // This is a comment Documentation header: Sub-header Documentation header: Sub-header **Markdown Header** - Item 1 - Item 2 plaintext
Code block: def function(): return True SELECT * FROM table WHERE id = 42; SELECT * FROM table WHERE id = 42; Code block: def function(): return True // This is a comment Documentation header: Sub-header Algorithm steps: 1. Initialize key. 2. Generate random numbers. Documentation header: Sub-header plaintext Variables: x = 5, y = 10, result = x + y
Variables: x = 5, y = 10, result = x + y **Markdown Header** - Item 1 - Item 2 Variables: x = 5, y = 10, result = x + y // This is a comment Algorithm steps: 1. Initialize key. 2. Generate random numbers. Documentation header: Sub-header SELECT * FROM table WHERE id = 42; Documentation header: Sub-header Variables: x = 5, y = 10, result = x + y // This is a comment
**Markdown Header** - Item 1 - Item 2 plaintext Documentation header: Sub-header JSON example: {"key": "value", "number": 123} Code block: def function(): return True // This is a comment plaintext plaintext <xml><node>Data</node></xml> **Markdown Header** - Item 1 - Item 2