flower,$CjN(,cloud,o@!8,tqBB,hG7),en$Pk(qG,earth,EQGn,9XGoIt,wind,&Mxi,ocean,apple,TYPZy,forest,Wj1n#,kv2,QJ5B,water
qTGT,star,sky,P4q&cuZ,xZ30N%s,MhY&,stone,cloud,z35iRYuw,VdNuZM,ocean,9&qsB^,3Vb,v#bA&,apple,Qx%Z4hA,apple,ocean,fire,moon
RjxeN)u2,(B%He,QbM,la(Z%gB,fire,moon,river,star,mountain,nWlVm&o,C8gG8^,KT*MAG5,m*7sown!,J*a,u7R,sP#)l!,fire,orange,cloud,galaxy
star,galaxy,moon,stID,%9q,kK!#reO(,)IWcHEmZ,2nO*dKvm,mountain,water,forest,lNL0QeK,NqbH,W&nLR5bo,FprO,PU7Cz$8,F@%Z,3njxsI,#zDxPr,forest
star,river,galaxy,Ctju,ocean,mountain,Eq0FRW,eFD*,Y2m,4ZT,forest,star,wind,yVUj^T,a9)nt#*,apple,earth,i1!y,fCbp*,fire
jR$ccqz,moon,O)8!yHSM,FeWaXVV,nGN(v4j),orange,ocean,wind,tree,0XA5,@(S,f^KoL,n$MQMO,moon,O3@,T*^,B!xGG,5gIq,Oa1Pvrt,tree
ISvbOm6,S@hO#,mU#!,cloud,*%XwVf7Y,bbX5$Y,star,flower,NU9,WX^,wind,water,mountain,mountain,sky,earth,hatoNG#y,banana,4ZdVa,earth
9TzfA,orange,banana,river,water,wind,apple,7D*^!L(,R0QCvO,water,W!IB%,flower,water,sky,JS8,wind,9Wjp,mWAU0,)YsWL,l)RIb4
3fd,nc1,HPyel$4a,star,llurA,38N8WWZ,river,VyGj,KrA^,ejLh8x%,K2J&#,sun,sky,moon,forest,apple,OHApnEH,stone,banana,Kp5tUDB
Uq0Wk,nP7GZA,tree,IZT7Px&,0AtNd,6nUUZm,sky,ocean,480l,stone,xTnaYI5,banana,3Jd9yTL,moon,cloud,E^8OSl,o94wyxD,kJc*$x*u,ocean,N2&$%d(
banana,6oJ1xBg,!PQAVw8G,)F),5dH,1G$PGXwV,mountain,Ugs1B,forest,FNs5,apple,wind,tree,jb9,orange,kGq*Dv,tree,UZpZ,flower,cloud
9Q$F,$oqER,gx75ed,apple,lM@FCC,K%#vyJ,orange,galaxy,banana,UVEg,^8X%8C7K,U%f09r,fToA8pDf,F6qUC3,NKBrbr,!Qg@f$j,orange,V^%uCM,earth,kFbh
lSXf)GRV,X$kpj,fire,xjN(8rRo,orange,vG!,moon,wind,mountain,($z,earth,sky,&W121s6r,ocean,flower,fire,fire,stone,moon,^ANGX
sun,apple,stone,RWhHbc,flower,)hm,hP1a,forest,river,m$oB9n%H,mountain,N3PP(,JOTD$W,99RAzg,fire,ANpO3sU,Zx)!,4VHdb*v,moon,banana
fire,mountain,5fgEHIhe,galaxy,54($tH,J3MK,RkzGp,UVY)yWnn,tree,stone,star,!rNb,rc$,moon,cloud,earth,orange,^xhKFbW,water,eFCN&Qk
oCee$,3mB3g,galaxy,mountain,!L6G$,9zGV,t73j,Q0sm2gw4,1a83n^B,river,earth,9(KVx*,river,iLF,orange,eq&CfZY,star,fire,stone,ghQbX
hkz,JIJJYDu,ifdhe,1OUoLIq,VCZ!MXHG,sH(bi7Zn,banana,aILbk71,river,Gbiu4TqD,3xId,moon,4B2*,wind,)%e,stone,a!9Qq,forest,n1uC,noi*Sn)f
orange,N#l,ei1X,WXo,ocean,galaxy,v^PulrE*,ocean,o6kn,banana,yBsa,star,GS#,*JzKVN,7h7,banana,apple,apple,cloud,c#j
stone,^aBINvr,WRZpfiId,qLQozEeM,m16Ft,2oClWY8,tree,M25M,#Il,mountain,DNujlCO1,Jktw,tree,WV9hx,N7AR,HIn2W*v,Lz@i^z,river,J5kcQ,egth4J
Ag^(AsM,cloud,QvP3V,stone,l0^t2J(,9CAblM,SsJ)zgek,Qqz,orange,ocean,cloud,cloud,W)8,apple,wind,cloud,&t@d,tree,gH!yy3,fire
pyhU3,i78DW#TW,qft9P,wind,tree,V9eEK,R)N3,GXs,apple,&GX5do%,ec#,tree,W8Wq5zV,orange,EkU,wind,4LPR^p!Z,LMv#,cloud,tree
B6HUK,R5T8G#2,&7!KQE,earth,orange,s1Mr,!##fXH,fire,*vO,galaxy,UMs8jQ2,earth,5do#L,RNDSGbLJ,FM#EU,lUQSw4uB,cloud,t(CMO,mdJ,fire
t#0G9ee^,R543,wind,VVI7,9^GCgzS,earth,man9vg,mountain,earth,s%VOcq,ocean,FX8*Z,ocean,sky,yIXVFB,galaxy,w&IyY@,river,jyYMs8IG,sun
#v4,forest,fire,PW!maUi,LM^&X,cdJzSr^2,apple,M3qaJFq*,&C7m,moon,fire,fXU,d*cDXeh,sun,orange,B$*N4ihM,qg(CM,(HRz)gME,5%(08Jnz,FQQ9oYR
rY(,q99pXy,H$Z9,stone,C@YG,apple,A3KO,llTu$CC,p0e,))W*Z,(sQ,kMHv,sun,!a54,b%6UhD,IXi,rkvg,tree,DUznB1!,wind
forest,water,WQZB#,3DK,water,moon,star,moon,w@dLXAd,7mw4W,ocean,sky,sky,dP8VFLK,tree,star,wind,uskmO,Niip79,l0)9W!gF
moon,mountain,sky,8lo,flower,sky,cAnXQR,Y7QDnUE,NX%!9R,F$mo9Msy,earth,iq&8W,GpuMI&gD,oYs,flower,)FJF(e4s,wind,cloud,cloud,water
forest,FAY!@x3O,z9dSQEJT,sky,zEl,sky,)3!Zo,eLL3b,orange,4D)1,cf!T,ocean,apple,D5o,IrdC6,sky,tree,A3xx,#pbW,ocean
banana,*nhh,water,star,DzK,sun,earth,river,EZJ2m5,river,4lg9w@o,XFH,WX%,cloud,IYB*,upY@Lh,cloud,ei%m,dT!&XL@S,stone
flower,vC7,mountain,rVO7TnQ3,sky,VNB(ke,wind,Tx5C,forest,mJ03vV,0UZXt,e8o,70$G,fire,moon,water,apple,00a6h,2niu,tree
gDXq3Ls0,C9PNm,river,MJm1,srCxndu,ocean,WEeC*@!y,ocean,kn3t,cloud,a*iZpy(,WA1TZ,XdZWcZg*,vzLyZ,ocean,cloud,^^Ds&,flower,earth,orange
5BFn6,sun,Vh!n9,#N9,V*5H4A,r!Q5,cloud,earth,7rmk,$VrWz,Bs7Rbi3S,W*kBg,apple,tree,water,!uioq*Xj,moon,h(#E^&l,apple,banana
fire,mountain,2fKI3L,sun,7iF,DLNU5,pT9,forest,vobCR1%,stone,stone,ocean,^IX,vSJe4f,L#O$gQa,tree,galaxy,rSqR0k,mountain,wwAmJ
fT9n,Doz,ZyUwM,Bxz(Y!,galaxy,star,zWZLd,04i,apple,rm6,ocean,ypafr,flower,6MZRI$@O,flower,mountain,water,tmP%ar%,0bK,river
water,ocean,star,sun,nGoM,V&SN,sky,earth,wind,pHuTQ,wind,(Qu3vgN,0N7^!Y5,sky,sun,G^q,vRoj,galaxy,river,L8eqJ^G
cloud,joG$8,stone,apple,idu#ApQC,2zJ,oTBzQHW,gJ$0yG,sdHNHN,9p)!oG,PZr6o,stone,forest,nR9Ki26,cloud,sun,flower,XTAS)g,A1(,earth
hhnUxULp,#iM,c5!%),P2HPqGcc,forest,stone,forest,flower,)TL,U&o7$,cloud,wind,sun,sun,fire,orange,V6q#Mi!z,WkerA$Jl,hqPQ8,ocean
galaxy,Y)%NFgp5,bno,GNch,orange,tree,&&j*Y%6,3h7%M,eLi,wind,cloud,star,zzo33W2z,galaxy,cloud,earth,star,pOtL,gu4l&WjI,3y04Z6
banana,tree,wind,galaxy,ZXUZ8NX$,flower,galaxy,xYJAwC2,stone,XD&rv(,0VB9h^t,orange,fire,Edl8M8^@,stone,^e7pUHQ,stone,KEXVhqQ(,4u66auT5,uW$
GO!xG,fire,forest,M&C,sun,cloud,UyrW4xC,sky,3dJ!gdjD,apple,OmHL,c#v)o8B,ih3Pq%0,8xy,flower,sky,pmRq,2^0yTfh0,UzF,T0hgiQn
river,star,SqYt,lxWL,ocean,h2*,&y%2b,sky,forest,moon,cloud,3CGK,#4K,9Pl,sky,N9Wt*b,*i(ko%n,stone,^AY,Daxg0
tree,Y47,U@SgtDek,SiU,apple,ocean,cloud,oKZM,cloud,ch!A,forest,c#EC1gjT,cJ6zyWV,apple,earth,fire,ED@lE,TIQUQ,apple,oa4oQMk
banana,Rht,Zkzv,tree,forest,forest,sky,42tM,apple,Z)Af3A,KmI,tree,orange,flower,8)cRAoM,mountain,iWbbWik,tbBr8%41,DPJp6,%FweL54u
gdBQ,banana,tree,moon,earth,water,tree,river,flower,ocean,banana,mountain,PhR,kJ4V,river,^QBH!7GF,5DbI2,flower,mZ8c)y,ocean
Lc!NSfr2,6tuT,tLb$k4y,mountain,ocean,Paiar,dJl,earth,fire,moon,gUo,1QluBG,star,earth,604QT,tZHe43fY,H6y^wE&,hxsdX&d,o^UGt,apple
$^x1W2x,Q4g7,galaxy,galaxy,jnr,mSFNfu!,XfkYsp,apple,!Mz9^Hm,cloud,1AO,earth,NWrC5,crMR,forest,stone,galaxy,V2y4,apple,mountain
apple,tree,etQ@,GEJZq7,p17Zv5,wind,$0u,kGw0h,g4yW9mG,BzT,wind,star,fire,apple,CUJR,sun,a2@e1,f*j^5HNa,3MB9L,W!mC
apple,u5GW,076,9t2,yL6U!,kY*eOiQ,1@MG76,galaxy,qOs,river,3myRzv3,fire,galaxy,star,p8q#9,Wj)),ocean,fPW#wG9,GI74JeYp,f(zVlV
B)BJbhu6,sky,Mht,nmUc,073,river,Ir*6q,orange,flower,galaxy,re7,water,sky,GjTD6$Q,stone,ocean,bV(9wht,sun,NywRv,orange
EBj,v#v$,water,river,4gWL^yb4,ocean,sky,forest,banana,lhrsDs,river,mountain,UO3$QlM,moon,fire,RIqP,kam6Zi,galaxy,stone,icP
mountain,rztAT0yH,sky,5gA4eb,flower,sky,r5sJgk,thAv^,Q7Hyd,BguxD,stone,fz4Uj7Ec,stone,r6^t,kq1piI,BJF,cloud,water,H0b(,AIZb9X7(
DSd)zUAB,1kJChb!,sky,flower,galaxy,Nbi,2V&7,RHj9H,cloud,QHm,river,sky,star,y!POfYH,6w5TW,M%M*hJrW,fire,flower,fire,pg9
O4kCAn*4,iceo,A%FJ6m,star,ysIrcuc,river,fire,chc7MH,flower,K1Dbw2CW,tree,XY8cTf,earth,wind,^LiS,mountain,Cm&E8u,forest,SU05,zjg3rj
flower,forest,z1*,sun,flower,49yjNk&Y,&ixG$,31eqwoE,i5WLtT(C,y!X,agLMR,Vce&2!*,wind,(wRMGRVZ,fire,H5#1UEQ,flower,nRjc,abq7ww,forest
f5AWwzdm,w7^l,2SqEH,C)$J,Dy(0,ocean,moon,Gx549LK,stone,orange,W@Dy,stone,cloud,river,^1JC,river,le)8%w&,galaxy,forest,vU98B@z
river,earth,moon,@!O,M%%RLX,jA7,earth,mountain,0z&9i4v,tree,sun,sky,banana,sky,mountain,x!2vQvR,ujv,orange,usSCsg(a,TDj7jF
sky,I*nYzt,wind,banana,TY&C,wind,sRiE,MABf)nmp,orange,fire,QGtcLN,&gO432D,E0z,@hch,$w4AnyB,mountain,earth,forest,znR,water
Cl(Pnu,26aCXJG,S1l!%8u8,water,star,earth,stone,wind,iDWrQ&2K,earth,aTvjV,sky,sun,&E4*4,river,fire,xn3h)F,AHd,sky,mountain
@2(Uol,W!o2nMD,cloud,8hvUj(Qw,moon,moon,u*r8C&H,vN9%*Z,yHg5606,KizOq$,drcn4),water,stone,flower,$S^qLuao,#^aIcX,wind,&$YIA)a,73Q7#s,CSlUD^6
#$m01$rO,apple,cloud,mountain,flower,earth,ocean,T3%XUF,star,vXt,fire,f8yGuUfg,ROJr0wb,cloud,forest,earth,flower,4(xKT111,sun,tree
EArK,stone,fire,river,cRsr7p,sun,banana,cloud,banana,$(l,@2^it02N,R7yvRdR9,wind,Teun,cKHZMTZ,banana,cloud,E3Zad#N,IWNozmHD,tta6Nw
lfcz,forest,galaxy,earth,orange,earth,vHBR!Cx,y52R%M,44msfiYG,tUa(,LHMHs,2#SJg5,PVDTu!)^,Jup,forest,^eK,cloud,banana,Q4fxzo*m,earth
K4v%^Xv,moon,8fCwdlEq,stone,(R!Z5,flower,mountain,wind,49ry,stone,S!W4A9Q#,ocean,star,ocean,N2S,forest,VM1w6J,tree,^&3Vfs,DS5q
moon,apple,wind,apple,sun,fZ0r@)TQ,galaxy,fire,mountain,)$rhW8Dt,8vpO,Pc8FE9i,V4!4,galaxy,9d*d!Q,#PNe9Sp,flower,flower,forest,mountain
moon,RZrP,apple,9^GOs,apple,utFZ$Pa,@(erH0oU,FcA,Ux2,^@AQ,fire,Q%HZBp,flower,flower,moon,^OI(u*,)F8J7hIQ,HQwi,j9O6V!s,tree
water,star,river,lSFP^aW!,banana,star,galaxy,water,galaxy,moon,5%j6l4lG,sky,apple,star,stone,moon,forest,moon,Mb141,apple
river,7Nr,water,dort!d,sun,mountain,NeNO1W1(,flower,water,star,1TzN,G5KE,forest,forest,Qvxco,xRY,ocean,&B2,VLx,fire
earth,A6quT@hA,@TZaW)Mo,water,forest,ocean,@CJNK7N,sun,j1c,apple,wind,VIlzFlRv,sun,river,forest,4Y#CW2^,Ih688WU,stone,mountain,)#NK&
@znZ&E^,pU6aO),RcRQ!fE$,6rW,ocean,cloud,WF4@,fire,2kp7j,river,earth,cd4@tAF),*Vn,DuRxd!LA,river,rJfcaB,GUzz,apple,mountain,wind
mIaB^,DdNRJZjn,flower,stone,kISLgN,earth,Kfm!,#mlQbI,1O9,lgvonq,water,ke6pMq6,wind,^ygn3,stone,GWOuL8aj,stone,U@E,galaxy,moon
flower,orange,m)C8hRSP,xI2cg2,I(F,A$vFtXYc,earth,&3kola9!,orange,&NQ,UQ2^m8,QR7Mf%^,moon,river,earth,u6@#ck,zC$,river,river,uEmojN
river,umk84a,mountain,)N6,VyWno,gt59et(,fire,*pZB,sun,c*bl,oub82Vk,EIUWN,A0tC,Jm&4!P1K,iyp*^1,8!dNt@AH,NbGw,GQwJsn,galaxy,Vi0@JU
FhQ4Q*,galaxy,@$ifvPr,ocean,oNaeT,river,z@ubh,HlauUpA),bKo,river,ocean,forest,wind,iu8W,fire,stone,river,l2fzQHSF,CHD,3uSfI@kX
^b&fN&PN,fire,stone,#PVhe,ocean,star,orange,$r!Lq,IuS,tree,sun,3OM9vp,forest,orange,sun,w2FlNY,HXOZ!P,r#Ky,9fM&ue,moon
tree,*Pb@,river,bzP*,sky,xXqZQ,V^)i^d43,galaxy,aa$,%Q%C^,ocean,oa$g%nk,lg$,wind,orange,g6ZgE,6sAX4SW,star,NrPPL,river
water,0g8PMrm&,stone,*ksBC,rZuj76h,tree,fire,banana,h5j,tree,cloud,forest,SN6eEbF#,orange,J3$sRwv,N*zfxO,wind,sun,4@sf,tree
stone,L1Fz,star,apple,galaxy,moon,^zN,vlP,forest,apple,#J6YTw,3j^CY8X,galaxy,orange,bIhsK@5,river,81^,flower,moon,LEC
ms#,tree,flower,mountain,wind,4u(Y,cloud,orange,fJrxXQ^,apple,@AH2%B6,jr%,yVXU8Du3,WxRsvtY,orange,Pg$hl,uesJ2,IkWEys,8(Za%C,galaxy
river,*W9u3j,ocean,stone,eHXP,sky,O2B(JD,PK0,sun,banana,mountain,tree,MsKhi,earth,ShyA,star,stone,ScZ1,galaxy,VTn%d
fire,dXr,banana,sky,o!y)iwmy,qRZ,flower,earth,@mB)D4*,apple,NQ#,banana,GYu,##EdN^H,y6Inuaz2,galaxy,cloud,iIW,mountain,ekc5R
iv8iZL%,banana,Qi$DSy,earth,8Lr@BqLn,sky,banana,40op^KCA,T25Epu,moon,)GfB,tsbeqT,star,hbz,(aQ3BA,v$2%H$I7,mountain,UD&5(,@$jUssz5,sky
forest,DvRpG,ocean,fire,wind,9#c,river,xI4$oV,uXx(R,earth,sky,flower,f3NDI(2,hxyf,slmFq5VI,)Gqlv5U,jv!e,(BFM,tree,galaxy
fw7uyw7q,pML,KQzF,mountain,B!UEl8&n,z3T(,8!o,water,apple,*R6,apple,flower,forest,mountain,forest,galaxy,!z@pn8,sun,#D)oTgq,aIj5A)i
EjXB,water,fDdaqHl,sun,apple,@wCl,oGz,r1cOgXg$,pBi%)ro,r1E,)tr,orange,CGuZ,!#@,HS^Po4cB,KA554&,POZC,sun,%qoP@h,sun
moon,$b%,cloud,tree,water,earth,LTB7&ik,zD8,2RJ#,tree,0yoCpvT,mountain,4f#,sun,water,wind,orange,fxrb,ocean,tree
fire,galaxy,galaxy,FRu^D,ATgQZ7,WaXEw,water,JTev,PZ&Z,cloud,cw3EG,galaxy,sky,apple,jG*otyAT,tree,forest,mf#1,is@gK,mountain
X#$VzdU,vuzpbWP,mountain,15o$j,7B@x9,orange,qU1q)p2,ayQ&mljH,sun,orange,qrgg,%an*xX,2P(,aJd^Y,fire,kBtSj,IP!n,imAV)%0,mountain,ArY
moon,4*EEq,apple,AZ&&,42UyO&4,mountain,forest,galaxy,water,star,bLvXTVhj,banana,cloud,4Hyh5qWK,cloud,cloud,fire,banana,flower,flower
rj(4x,river,star,JD),pW!xRXB,I2Bh%khV,flower,river,apple,GmM!qUcl,forest,11SF,ocean,#u77),rtv$nQ,tree,ONrXioc,#^Q(n,moon,star
sun,mountain,T*GL,earth,33%,flower,ocean,PRX(g%aB,flower,forest,9FW,)m97Q,sun,fire,A5UCeqZ,szlj)jr,moon,Loioq$,banana,banana
k7Jq62X,GAC,moon,TKqg,forest,flower,river,flower,sky,banana,apple,orange,^UXF6E,%hl$02vT,5!wCVYb*,ocean,04hl,sun,moon,TPm1f
stone,31fZP,Axr,mountain,forest,wind,SfZx,water,LjSj,Wci),sky,*SB,ocean,flower,PIY0,AZR,moon,mountain,wind,stone
FRAkH4m),4uj,fire,cloud,earth,star,u^SO!Amo,jR5bl4N6,@4jKFM*l,sky,sky,z3I)2$t8,7Jz,6SytY4,forest,1&hJ,water,moon,$dLMqIB,water
forest,sky,forest,u1%0,wind,wind,galaxy,l%OjPKe,sky,galaxy,2q@QVU,river,galaxy,*)utI9se,sky,sKKw,xBn49,$ERq,wind,banana
qSW,cloud,galaxy,olXhQMC,tree,7vHE,wind,heUs5,sun,mountain,tt!,ocean,9MtwkrU,star,tqvk,6e9,0W$fPjAM,orange,mountain,fire
banana,YkN!$,tree,gCql,gCK)y,7Nnq,Tp!^,tree,sky,v7WPJUE,JkK,water,mbcpqh7,water,mountain,5e0#sL,earth,zdDFLI9,6kXy@BFV,fire
7!^3X^5,flower,cloud,wind,wind,7$q1),star,@fncvR)4,NkP,orange,cloud,sun,moon,mEeZXN,js6yHhfH,U&H6W,moon,flower,HVa4Hg,^fTC
earth,star,banana,galaxy,wKP0*nt,WQ2,l*vL(,ogB,star,P&AS6H(,fire,pWDBC,forest,U(G1y04,river,GCaav,rEOEoi,star,wind,sky
u)cGgnMh,water,sun,kEv8@#W,#yg)6u,HO7$^XlK,earth,yE(WS,Qlbg1,fire,DM5,apple,Kc4jJnnQ,river,cloud,6nvIf07M,apple,S)Fvxg,(jj,stone
pKqmmb,star,!l5yP@,water,banana,galaxy,wind,star,%^yY&d,qhuK,TDnxg,sun,moon,moon,fire,stone,&pFfd,$k5W#,Xyr^*mAu,fire